NOME;COGNOME;M o F;Età;COMUNE ;E-MAIL
Mylène;Lube;F;37;Nazaré;elube0@auda.org.au
Loïs;Bandy;F;33;Laya;mbandy1@paginegialle.it
Maïté;Sorrill;M;94;Pinega;bsorrill2@dagondesign.com
Annotée;Teers;F;22;Ladhewāla Warāich;cteers3@mapquest.com
Noëlla;Closs;F;49;Newark;dcloss4@parallels.com
Eugénie;Bedminster;F;32;Ózd;dbedminster5@bizjournals.com
Marie-françoise;Wheelwright;M;75;Hejia;mwheelwright6@acquirethisname.com
Gwenaëlle;Farrey;F;96;Muḩambal;mfarrey7@harvard.edu
Maï;Steventon;M;84;Niejiahe;esteventon8@addthis.com
Vérane;Gammons;M;62;Mary;sgammons9@ihg.com
Cloé;Pllu;F;72;Dalsjöfors;dpllua@wisc.edu
Fèi;Profit;M;13;Tianhu;jprofitb@nasa.gov
Maïté;MacMillan;M;65;Ciyun;tmacmillanc@cyberchimps.com
Danièle;Winsbury;M;24;Vinhais;awinsburyd@amazon.de
Almérinda;Layton;M;69;Karangtengah;ilaytone@tripod.com
Almérinda;Lorenzo;M;36;Kebonsari Kidul;tlorenzof@buzzfeed.com
Solène;Augustus;F;42;Apt;haugustusg@vk.com
Maéna;Fearfull;F;90;Outlook;gfearfullh@statcounter.com
Åslög;de Cullip;F;69;Nanqiu;edecullipi@technorati.com
Pål;Shakshaft;F;60;Dongshi;kshakshaftj@artisteer.com
Méthode;Dance;F;64;Glempang Tengah;adancek@aboutads.info
Sòng;Dominighi;M;80;Oldřišov;ndominighil@ihg.com
Océane;Gellert;F;81;Nor Yerznka;ogellertm@utexas.edu
Lauréna;Kinchin;F;80;Pukou;jkinchinn@newyorker.com
Daphnée;Marham;F;51;Hato Mayor del Rey;smarhamo@mediafire.com
Clélia;Helian;F;40;Murcki;hhelianp@livejournal.com
Zoé;Vassman;M;76;Nangong;mvassmanq@google.com.au
Marie-ève;Thurlow;M;49;Mem Martins;mthurlowr@skype.com
Thérèse;Durman;M;55;San Pedro;bdurmans@vk.com
Kuí;Fairbourne;M;91;Ar Rudayyif;afairbournet@yolasite.com
Marie-josée;Philpots;F;48;Povarovo;bphilpotsu@unicef.org
Valérie;Blakes;F;54;Tālīn;lblakesv@cornell.edu
Nuó;Seyffert;M;48;Sinarjaya;pseyffertw@telegraph.co.uk
Mahélie;Flisher;F;90;Troparëvo;oflisherx@indiatimes.com
Bérénice;Worsnip;M;90;Timon;bworsnipy@howstuffworks.com
Nélie;Jedraszek;M;36;Muting;tjedraszekz@webeden.co.uk
Simplifiés;Luxford;M;34;Wafang;mluxford10@nymag.com
Anaïs;Disman;M;18;Carpiquet;sdisman11@cam.ac.uk
Néhémie;Heselwood;M;87;Tutup;nheselwood12@va.gov
Rébecca;Bramelt;F;56;København;rbramelt13@economist.com
Méng;Chiplin;F;30;Deventer;mchiplin14@geocities.jp
Mégane;Ostrich;M;84;Nol;costrich15@icq.com
Cléopatre;Hunter;M;56;Houjia;vhunter16@dropbox.com
Maïlis;Oakwell;F;46;Maguan;boakwell17@uiuc.edu
Françoise;Wiz;F;93;Paris 01;awiz18@twitter.com
Andréanne;Botha;F;30;Chenghuang;vbotha19@usatoday.com
Angélique;Overy;F;49;Qinghe;covery1a@multiply.com
Eloïse;Stuttman;F;37;Castle Bruce;mstuttman1b@newyorker.com
Vérane;Tenny;F;81;Xiaojiang;gtenny1c@pbs.org
Lauréna;Manchett;F;39;Ibaiti;kmanchett1d@amazon.co.uk
Sélène;Crutchley;F;57;Ivano-Frankove;tcrutchley1e@altervista.org
Eloïse;Shenfisch;M;80;Baiyan;kshenfisch1f@biblegateway.com
Estée;Birchett;M;67;Al Kiswah;nbirchett1g@washington.edu
Marlène;Sumption;F;68;Jiangdianzi;dsumption1h@artisteer.com
Félicie;Torrans;M;88;Palocabildo;storrans1i@tamu.edu
Vénus;Allso;M;46;Nová Cerekev;callso1j@webeden.co.uk
Nuó;Wavish;M;71;Hauhena;mwavish1k@goo.gl
Hélèna;Pinard;F;19;Xiangfeng;dpinard1l@columbia.edu
Frédérique;Bezzant;F;82;Krajan Pundungsari;tbezzant1m@dyndns.org
Anaé;Jakubovits;M;27;Long Xuyên;ljakubovits1n@scientificamerican.com
Mégane;Fortye;F;68;Slunj;mfortye1o@webnode.com
Miléna;Cliffe;M;86;Pandasan;ecliffe1p@imdb.com
Mélodie;Graddon;F;88;Mahaba;fgraddon1q@tuttocitta.it
Lauréna;Geist;M;44;Železniki;egeist1r@japanpost.jp
Adélie;McCarron;F;74;Jonava;kmccarron1s@rambler.ru
Dafnée;Cardillo;F;86;Xiangtan;wcardillo1t@wiley.com
Åsa;Dysert;M;55;Meikeng;edysert1u@ehow.com
Liè;Stevani;M;40;Mercedes;jstevani1v@123-reg.co.uk
Erwéi;Hinks;M;24;Gazanjyk;rhinks1w@si.edu
Andrée;Folonin;M;42;Kostrzyn nad Odrą;sfolonin1x@seattletimes.com
Rébecca;Hannen;M;88;Bagikkedok Lauk;channen1y@ask.com
Fèi;Ivankov;M;39;Fonte Boa da Brincosa;eivankov1z@reddit.com
Gaétane;Rainey;M;62;Porsgrunn;crainey20@wikimedia.org
Maëlyss;Eacott;M;40;Talagante;veacott21@exblog.jp
Eugénie;Dungay;M;64;Paris 07;jdungay22@acquirethisname.com
Agnès;Chaudret;F;46;San Casimiro;cchaudret23@t.co
Nuó;Oakton;F;87;Gazojak;moakton24@fema.gov
Chloé;Gemmell;F;38;Hekou;hgemmell25@homestead.com
Laurène;Bier;F;97;Bārah;sbier26@alexa.com
Josée;Titcumb;F;20;Nanpiao;ltitcumb27@wikipedia.org
André;Rehorek;F;84;Zhetian;trehorek28@sciencedaily.com
Örjan;Iohananof;F;66;Kanbe;siohananof29@surveymonkey.com
Torbjörn;Annice;M;35;Panino;dannice2a@weebly.com
Maëlle;Goldstone;M;14;Sylhet;bgoldstone2b@columbia.edu
Marie-hélène;Noone;F;45;Khánh Hải;lnoone2c@vk.com
Cinéma;Dye;F;26;Gandu;mdye2d@loc.gov
Ophélie;Birtles;F;48;Nangalisan;gbirtles2e@t.co
Séréna;Maxfield;M;26;Jāndiāla Sher Khān;amaxfield2f@studiopress.com
Märta;Maase;F;29;Acton Vale;emaase2g@arizona.edu
Maëline;Forsey;F;74;Ainaro;aforsey2h@wp.com
Cécilia;Eatock;F;17;Manosque;reatock2i@rambler.ru
Mélina;London;M;51;Mesiméri;alondon2j@comcast.net
Agnès;Reddings;M;54;Vrakháti;hreddings2k@51.la
Lóng;Tyres;M;65;Uglyanets;etyres2l@tiny.cc
Adélaïde;Prince;M;21;Sangmu;dprince2m@earthlink.net
Nuó;Boise;M;73;Sabbah;fboise2n@cisco.com
Dà;Fennick;F;13;Aguas Corrientes;dfennick2o@cdc.gov
Dorothée;Yankeev;F;60;Luso;pyankeev2p@purevolume.com
Régine;Mordie;M;89;Vashkivtsi;dmordie2q@telegraph.co.uk
Rachèle;Rudall;M;64;Temaiku Village;arudall2r@feedburner.com
